{
	"name": "SourceAirportCodeRaw",
	"properties": {
		"linkedServiceName": {
			"referenceName": "LS_Source_ADLS",
			"type": "LinkedServiceReference"
		},
		"annotations": [],
		"type": "DelimitedText",
		"typeProperties": {
			"location": {
				"type": "AzureBlobFSLocation",
				"fileName": "airports.csv",
				"folderPath": "landing-zn",
				"fileSystem": "united-airlines"
			},
			"columnDelimiter": ",",
			"escapeChar": "\\",
			"firstRowAsHeader": true,
			"quoteChar": "\""
		},
		"schema": [
			{
				"name": "airport_id",
				"type": "String"
			},
			{
				"name": "city",
				"type": "String"
			},
			{
				"name": "state",
				"type": "String"
			},
			{
				"name": "name",
				"type": "String"
			}
		]
	},
	"type": "Microsoft.DataFactory/factories/datasets"
}