{
	"name": "FlightDataPipeline",
	"properties": {
		"activities": [
			{
				"name": "CheckFlightDataExists",
				"type": "GetMetadata",
				"dependsOn": [],
				"policy": {
					"timeout": "0.12:00:00",
					"retry": 0,
					"retryIntervalInSeconds": 30,
					"secureOutput": false,
					"secureInput": false
				},
				"userProperties": [],
				"typeProperties": {
					"dataset": {
						"referenceName": "SourceFlightsDataRaw",
						"type": "DatasetReference"
					},
					"fieldList": [
						"exists"
					],
					"storeSettings": {
						"type": "AzureBlobStorageReadSettings",
						"recursive": true,
						"enablePartitionDiscovery": false
					},
					"formatSettings": {
						"type": "DelimitedTextReadSettings"
					}
				}
			},
			{
				"name": "CheckFileExistance",
				"type": "IfCondition",
				"dependsOn": [
					{
						"activity": "CheckFlightDataExists",
						"dependencyConditions": [
							"Succeeded"
						]
					}
				],
				"userProperties": [],
				"typeProperties": {
					"expression": {
						"value": "@activity('CheckFlightDataExists').output.exists",
						"type": "Expression"
					},
					"ifFalseActivities": [
						{
							"name": "FailureForFlightFile",
							"type": "Fail",
							"dependsOn": [],
							"userProperties": [],
							"typeProperties": {
								"message": "Daily Flights Data File is missing from Source location",
								"errorCode": "404"
							}
						}
					],
					"ifTrueActivities": [
						{
							"name": "TransformFlightsData",
							"type": "ExecuteDataFlow",
							"dependsOn": [],
							"policy": {
								"timeout": "0.12:00:00",
								"retry": 0,
								"retryIntervalInSeconds": 30,
								"secureOutput": false,
								"secureInput": false
							},
							"userProperties": [],
							"typeProperties": {
								"dataflow": {
									"referenceName": "AirlineTransformed",
									"type": "DataFlowReference"
								},
								"compute": {
									"coreCount": 8,
									"computeType": "General"
								},
								"traceLevel": "Fine"
							}
						}
					]
				}
			}
		],
		"annotations": [],
		"lastPublishTime": "2026-01-30T23:57:18Z"
	},
	"type": "Microsoft.DataFactory/factories/pipelines"
}