{
	"name": "AirlineTransformed",
	"properties": {
		"type": "MappingDataFlow",
		"typeProperties": {
			"sources": [
				{
					"dataset": {
						"referenceName": "SourceFlightsDataRaw",
						"type": "DatasetReference"
					},
					"name": "DailyFlightsData"
				},
				{
					"dataset": {
						"referenceName": "SourceAirportCodeRaw",
						"type": "DatasetReference"
					},
					"name": "AirportCodesData"
				}
			],
			"sinks": [
				{
					"dataset": {
						"referenceName": "TargetTransformedData",
						"type": "DatasetReference"
					},
					"name": "WritetoADLS"
				}
			],
			"transformations": [
				{
					"name": "joinForDeptAirport"
				},
				{
					"name": "DeriveDepartureAirportValues"
				},
				{
					"name": "JoinForArrivalAirport"
				},
				{
					"name": "DeriveArrivalAirportValues"
				}
			],
			"scriptLines": [
				"source(output(",
				"          Carrier as string,",
				"          OriginAirportID as short,",
				"          DestAirportID as short,",
				"          DepDelay as short,",
				"          ArrDelay as short",
				"     ),",
				"     allowSchemaDrift: true,",
				"     validateSchema: false,",
				"     ignoreNoFilesFound: false) ~> DailyFlightsData",
				"source(output(",
				"          airport_id as integer,",
				"          city as string,",
				"          state as string,",
				"          name as string",
				"     ),",
				"     allowSchemaDrift: true,",
				"     validateSchema: false,",
				"     ignoreNoFilesFound: false) ~> AirportCodesData",
				"DailyFlightsData, AirportCodesData join(OriginAirportID == airport_id,",
				"     joinType:'inner',",
				"     matchType:'exact',",
				"     ignoreSpaces: false,",
				"     broadcast: 'auto')~> joinForDeptAirport",
				"joinForDeptAirport select(mapColumn(",
				"          Carrier,",
				"          DestAirportID,",
				"          DepDelay,",
				"          ArrDelay,",
				"          DeptCity = city,",
				"          DeptState = state,",
				"          DeptAirportName = name",
				"     ),",
				"     skipDuplicateMapInputs: true,",
				"     skipDuplicateMapOutputs: true) ~> DeriveDepartureAirportValues",
				"DeriveDepartureAirportValues, AirportCodesData join(DestAirportID == airport_id,",
				"     joinType:'inner',",
				"     matchType:'exact',",
				"     ignoreSpaces: false,",
				"     broadcast: 'auto')~> JoinForArrivalAirport",
				"JoinForArrivalAirport select(mapColumn(",
				"          Carrier,",
				"          DepDelay,",
				"          ArrDelay,",
				"          DeptCity,",
				"          DeptState,",
				"          DeptAirportName,",
				"          ArrCity = city,",
				"          ArrState = state,",
				"          ArrAirportName = name",
				"     ),",
				"     skipDuplicateMapInputs: true,",
				"     skipDuplicateMapOutputs: true) ~> DeriveArrivalAirportValues",
				"DeriveArrivalAirportValues sink(allowSchemaDrift: true,",
				"     validateSchema: false,",
				"     truncate: true,",
				"     umask: 0777,",
				"     preCommands: [],",
				"     postCommands: [],",
				"     skipDuplicateMapInputs: true,",
				"     skipDuplicateMapOutputs: true,",
				"     mapColumn(",
				"          Carrier,",
				"          DepDelay,",
				"          ArrDelay,",
				"          DeptCity,",
				"          DeptState,",
				"          DeptAirportName,",
				"          ArrCity,",
				"          ArrState,",
				"          ArrAirportName",
				"     )) ~> WritetoADLS"
			]
		}
	}
}